{
  "oldParams": true,
  "wave_type": 2,
  "p_env_attack": 0.12,
  "p_env_sustain": 0.918,
  "p_env_punch": 0.656,
  "p_env_decay": 0.951,
  "p_base_freq": 0.705,
  "p_freq_limit": 0.492,
  "p_freq_ramp": -0.332,
  "p_freq_dramp": 0.21,
  "p_vib_strength": 0.213,
  "p_vib_speed": 0.443,
  "p_arp_mod": 0.411,
  "p_arp_speed": 0.853,
  "p_duty": 1,
  "p_duty_ramp": 0,
  "p_repeat_speed": 0.591,
  "p_pha_offset": 0.542,
  "p_pha_ramp": 0.411,
  "p_lpf_freq": 0.705,
  "p_lpf_ramp": 0,
  "p_lpf_resonance": 0.574,
  "p_hpf_freq": 0.9536748680977981,
  "p_hpf_ramp": 0.738,
  "sound_vol": 0.25,
  "sample_rate": 44100,
  "sample_size": 16
}